platform,positive_emotion,negative_emotion,we_count,past_future,F_score,toxicity,severe_toxicity,identity_attack,insult,profanity,threat,inflammatory,politeness
4chan,0.006096696,0.011342691,0.000585872,0.208074534,0.32038835,0.35368225,0.044278983,0.74954444,0.6528205,0.64958006,0.42367843,0.23163283,0
4chan,0.005931784,0.015818092,0.002230276,0.249056604,0.308335657,0.8115627,0.7466957,0.56967896,0.5135796,0.6308392,0.11922921,0.50703704,0
4chan,0,0,0,0.555555556,0.168539326,0.3388922,0.032005094,0.3827457,0.32965264,0.22261032,0.8802933,0.023076924,0
4chan,0.005288853,0.015256306,0.001305173,0.166407465,0.328310394,0.5013569,0.13161413,0.10699738,0.5921536,0.6282232,0.35368225,0.40243408,0.366666667
4chan,0.003144654,0.03081761,0.000399202,0.179487179,0.246706587,0.45758462,0.6297489,0.16159154,0.34804323,0.71760553,0.35368225,0.64657205,0
4chan,0.002188184,0.004376368,0,0.173076923,0.358681876,0.10542984,0.4011458,0.6085153,0.47787863,0.5381406,0.65996873,0.36702603,0
4chan,0.003042359,0.010297215,0.002682101,0.174708819,0.284726143,0.42709363,0.47622904,0.70803905,0.2831485,0.0824309,0.4718924,0.16960317,0
4chan,0,0,0,0,0.425925926,0.73341435,0.20102292,0.24928534,0.6667219,0.010032792,0.13863131,0.023595277,-0.2
4chan,0.005369682,0.016522098,0.000991818,0.17791411,0.267294818,0.76523775,0.23226519,0.48675314,0.020954676,0.62802464,0.13163337,0.73341435,0.042424242
4chan,0,0.032,0,0.421052632,0.320754717,0.31015682,0.61382955,0.1329628,0.88599813,0.41790152,0.69164425,0.8086746,-0.3
4chan,0.007537688,0.01758794,0.00155521,0.230769231,0.497667185,0.8326356,0.614593,0.89241093,0.54744303,0.63286513,0.7782364,0.77072054,0
4chan,0.004938058,0.012821623,0.001066756,0.277200277,0.299477851,0.01412424,0.11797678,0.6200014,0.25915736,0.174273,0.012078222,0.036878675,-0.16547619
4chan,0.005342237,0.011352254,0.002799959,0.134210526,0.308306544,0.42877895,0.71456414,0.54893947,0.755201,0.6778536,0.8696708,0.7785769,-0.025
4chan,0.005195119,0.012202489,0.001361264,0.233484163,0.304998866,0.4747285,0.35130173,0.64447093,0.03165977,0.20088354,0.57488567,0.7082845,0
4chan,0.048780488,0,0,0.142857143,0.215686275,0.336253,0.6407703,0.18232453,0.64657205,0.26978695,0.013579931,0.11280017,0
4chan,0.003154574,0.008201893,0.001437298,0.141463415,0.333093784,0.54823303,0.4911651,0.25272974,0.35220072,0.45706853,0.7081087,0.4555076,0.6
4chan,0.00861678,0.010430839,0.000549451,0.137681159,0.273076923,0.18480228,0.051067904,0.026609946,0.023076924,0.6531671,0.17055123,0.37073207,0
4chan,0.010033445,0.02006689,0.000442478,0.34562212,0.248230088,0.68408644,0.6321197,0.029069828,0.6281592,0.4747285,0.35368225,0.28034934,0.136363636
4chan,0.007611241,0.012587822,0.003243656,0.244131455,0.278572791,0.39409557,0.3666224,0.023927659,0.64915144,0.09270445,0.02492592,0.030175667,0
4chan,0,0,0,0.375,0.299145299,0.41530323,0.32013762,0.17847598,0.54649305,0.6491204,0.35368225,0.4381921,0
4chan,0.010250569,0.005694761,0.001339585,0.297520661,0.279973208,0.6308517,0.55356324,0.26957804,0.3493117,0.56017053,0.060220852,0.05721026,-0.5
4chan,0,0.015873016,0,0,0.163461538,0.2322566,0.26957804,0.60583705,0.5779532,0.10221587,0.1348172,0.48510036,-0.0375
4chan,0.018181818,0.018181818,0,0.2,0.397849462,0.039602257,0.67735565,0.45895407,0.70864636,0.65099686,0.8299589,0.6007182,0
4chan,0,0.002347418,0.002721088,0.235294118,0.32244898,0.14126498,0.4269174,0.33082673,0.5978252,0.30326313,0.029933142,0.17070955,0.36
4chan,0.00496771,0.011922504,0.001635769,0.23465704,0.298527808,0.3317266,0.64135593,0.022163315,0.023076924,0.054763943,0.13245803,0.34536663,0.034090909
4chan,0.004784689,0.01754386,0.001007049,0.488888889,0.294058409,0.029587816,0.09912638,0.6099534,0.26957804,0.42990944,0.10221587,0.47119883,0
4chan,0.002525253,0.011363636,0.000800641,0.372340426,0.322658127,0.0654725,0.2524482,0.013579931,0.017610285,0.031722516,0.15459715,0.5680319,-0.015909091
4chan,0.003891051,0.016271666,0.000631579,0.264851485,0.314315789,0.48627716,0.687436,0.6242122,0.7079002,0.19229786,0.44787344,0.33352965,-0.2
4chan,0,0,0,0,0.658536585,0.80158395,0.013372798,0.3028958,0.91625386,0.44713756,0.5423875,0.14875233,-0.131818182
4chan,0.004735433,0.010706197,0.000273935,0.16892911,0.255718395,0.079364374,0.60827523,0.35505778,0.18468912,0.5013569,0.31334782,0.5716857,-0.25
4chan,0,0,0,0.428571429,0.191489362,0.024580594,0.00667572,0.073529124,0.012441003,0.14950264,0.046355736,0.029053112,-0.1
4chan,0.003095265,0.012151783,0.001140332,0.192167577,0.308958734,0.04090862,0.094219476,0.59346163,0.011508608,0.17805049,0.010452271,0.027815815,0
4chan,0.0056908,0.010433133,0.000745295,0.15625,0.282466928,0.06270605,0.24287975,0.16801116,0.5680319,0.46716887,0.15443328,0.44752163,0.118636364
4chan,0.00814427,0.015125073,0.000354988,0.340517241,0.255591054,0.039256934,0.16960317,0.47173777,0.17614605,0.6210888,0.45706853,0.26957804,0
4chan,0,0.010152284,0,0.176470588,0.373770492,0.47622904,0.43158367,0.4453683,0.2836219,0.4177144,0.25999495,0.16960317,0.136363636
4chan,0.006667633,0.011161038,0.001217685,0.161971831,0.229205695,0.008888245,0.046178754,0.017264472,0.18079062,0.62832373,0.013372798,0.104876526,0
4chan,0.004887586,0.013685239,0.005590062,0.110294118,0.278881988,0.6487889,0.45895407,0.85173553,0.7654259,0.6099415,0.69787174,0.34804323,-0.9
4chan,0.004542607,0.007048872,0.00040638,0.199011125,0.26414711,0.112643376,0.022853967,0.5112619,0.008125305,0.015757138,0.08452088,0.02567133,0
4chan,0.003763171,0.016307075,0.001349933,0.134191176,0.323383831,0.2853768,0.021990653,0.08410009,0.014769804,0.18663849,0.09659086,0.63547975,-0.25
4chan,0,0.013888889,0,0.5,0.462686567,0.40243408,0.36890423,0.64080805,0.6611249,0.05268431,0.17847598,0.34938923,0.25
4chan,0.018181818,0.036363636,0,0.378378378,0.081690141,0.70864636,0.36798462,0.6588125,0.14019285,0.44713756,0.34804323,0.4405679,-0.042592593
4chan,0.003816794,0,0,0.261904762,0.202970297,0.23090743,0.06250052,0.023796257,0.012703998,0.114160895,0.50405407,0.015429466,0
4chan,0.003937628,0.014332966,0.00082012,0.164366374,0.322307272,0.0912254,0.08703069,0.2877625,0.4014846,0.36021477,0.39409557,0.6490023,0.144415584
4chan,0.006377238,0.011282806,0.002263231,0.214457831,0.284296657,0.06495911,0.016460562,0.004425049,0.030375287,0.102626406,0.01101667,0.6334981,-0.4
4chan,0.005854178,0.012985631,0.00166656,0.195983936,0.304595859,0.23542951,0.63782936,0.40243408,0.039256934,0.6370159,0.66385126,0.34950548,-0.333333333
4chan,0,0,0,0,0.315068493,0.44713756,0.57150364,0.13228847,0.6410121,0.6001929,0.8403191,0.5423875,-0.5
4chan,0.003800676,0.016469595,0.00127551,0.220779221,0.297959184,0.70864636,0.7082823,0.36942887,0.8403191,0.1338057,0.48355904,0.67735565,-0.15
4chan,0.007142857,0.035714286,0,0.071428571,0.40969163,0.044714723,0.060766358,0.36230123,0.40243408,0.14389864,0.15731181,0.50789946,-0.419034091
4chan,0.003759398,0.003759398,0,0.195121951,0.364678899,0.49043566,0.02181799,0.4977744,0.10221587,0.15706694,0.32682732,0.541926,-0.7
4chan,0.004237288,0.009887006,0.002118644,0.184782609,0.309745763,0.7809412,0.5678696,0.45895407,0.592863,0.8540474,0.31892163,0.094697006,0
4chan,0,0,0,0.142857143,0.279411765,0.37751234,0.013702838,0.023076924,0.55252993,0.1854088,0.23163283,0.21602537,0.116666667
4chan,0.001336898,0.006684492,0.000906618,0.173913043,0.211242067,0.4596479,0.5680319,0.021127338,0.40975618,0.04641757,0.11492836,0.52272606,-0.466666667
4chan,0.003759398,0.012844612,0.000741152,0.133891213,0.272188253,0.6308392,0.45510182,0.1575099,0.62717754,0.71163356,0.57150364,0.7105462,-0.2
4chan,0.005247622,0.010823221,0,0.166666667,0.286604361,0.2253223,0.6295506,0.2869935,0.027688526,0.16883044,0.36456755,0.023076924,-0.714285714
4chan,0.007942812,0.012708499,0.00509684,0.282208589,0.256880734,0.6069483,0.35368225,0.68181473,0.55044734,0.13768311,0.5739874,0.718943,0
4chan,0.004907975,0.013496933,0.000757346,0.163650669,0.248788246,0.47886392,0.16960317,0.6294575,0.30797598,0.08500996,0.0287245,0.45190978,0
4chan,0.003984064,0.003984064,0.00536193,0.333333333,0.305630027,0.20592089,0.036620867,0.48822215,0.020609349,0.07016616,0.2854699,0.022064678,0.133333333
4chan,0,0.006734007,0.004694836,0.109589041,0.151408451,0.47119883,0.48510036,0.08831879,0.24928534,0.44869825,0.027688526,0.16960317,0
4chan,0.004975124,0.009950249,0,0.130434783,0.29226361,0.1007269,0.39297962,0.31092548,0.35368225,0.6544696,0.44856197,0.6242122,0.4
4chan,0.004178661,0.012721701,0.000930287,0.158387329,0.299145299,0.13582869,0.47886392,0.40878695,0.15706694,0.42167732,0.64926076,0.28034934,0.20625
4chan,0,0,0,0.333333333,0.071428571,0.028016793,0.008738215,0.44327307,0.39297962,0.04666401,0.60254884,0.5365423,0.25
4chan,0.003558719,0.012455516,0.00110742,0.138888889,0.277962348,0.39409557,0.52547425,0.5362655,0.60152835,0.7245249,0.35130173,0.10221587,0.6
4chan,0.005263158,0.005263158,0.001037344,0.235294118,0.322614108,0.17769934,0.33896056,0.5680319,0.39409557,0.16760159,0.47119883,0.03787563,0
4chan,0,0,0.006060606,0.444444444,0.43030303,0.37012735,0.70864636,0.51885366,0.07629784,0.50703704,0.5678696,0.85333383,-0.046060606
4chan,0.003841229,0.011523688,0.00155521,0.132743363,0.271384137,0.08749158,0.15459715,0.5680319,0.1087965,0.012803185,0.24924077,0.010604858,-0.3125
4chan,0,0.006920415,0,0.142857143,0.362126246,0.55739564,0.5381406,0.02803385,0.34548226,0.5374106,0.10221587,0.16960317,0.1
4chan,0.005,0.007142857,0.000441696,0.163043478,0.309628975,0.64657205,0.46028158,0.5678696,0.45510182,0.085497424,0.62491006,0.71760553,0.6
4chan,0,0,0,0.375,0.307692308,0.40243408,0.54024357,0.18468912,0.35220072,0.7079002,0.65996873,0.063675895,0.233333333
4chan,0.03030303,0.03030303,0,0.333333333,0.402777778,0.21290472,0.3486032,0.6667219,0.04177703,0.66405153,0.5239757,0.033386398,0
4chan,0.012903226,0.003225806,0,0.305555556,0.312871287,0.037136484,0.14512913,0.33255672,0.023076924,0.012958534,0.79305303,0.20592089,0.12
4chan,0.005494505,0.007326007,0,0.097560976,0.286813187,0.15517195,0.3388922,0.5150164,0.5680319,0.24482845,0.5885171,0.055270568,0.52
4chan,0.005934718,0,0,0.244897959,0.3046875,0.045572113,0.62192637,0.33047765,0.5913144,0.47191826,0.5130944,0.584095,0
4chan,0.006100796,0.010344828,0.003319633,0.259920635,0.303193171,0.15840563,0.3140926,0.022710243,0.5879981,0.03856628,0.26280963,0.062039822,-0.333333333
4chan,0,0.011695906,0,0.107142857,0.38317757,0.40713623,0.35368225,0.5130944,0.40929472,0.65996873,0.1366716,0.629563,0.113333333
4chan,0.003356174,0.014962942,0.000666159,0.205640423,0.283593453,0.01087737,0.08128801,0.19789438,0.010299683,0.06354945,0.04098356,0.6592462,-0.4
4chan,0.005319149,0.015957447,0,0.62195122,0.185138539,0.43720075,0.6430458,0.26957804,0.038593806,0.10221587,0.044602267,0.41255033,-1
4chan,0.002988048,0.011952191,0.000641437,0.342857143,0.380372033,0.473824,0.6588125,0.35368225,0.13397428,0.6458014,0.72027606,0.5588244,0
4chan,0.005396897,0.010568923,0.000814775,0.187697161,0.265480717,0.20680901,0.47771472,0.6372081,0.35368225,0.5270482,0.06863153,0.60254884,-0.55
4chan,0,0.035714286,0,0.25,0.488372093,0.50703704,0.49142194,0.6109131,0.70864636,0.47327998,0.85173553,0.20088354,0.102678571
4chan,0,0.009433962,0,0.2,0.273291925,0.13161413,0.24928534,0.40549758,0.47622904,0.16960317,0.5013569,0.083355546,-0.366666667
4chan,0.003937008,0.013779528,0.001333333,0.288135593,0.284,0.14402086,0.030969119,0.26859093,0.07247263,0.034816213,0.06494803,0.01986976,0
4chan,0.005443787,0.01112426,0.001542734,0.257142857,0.306078371,0.6287069,0.049989145,0.2661772,0.3389984,0.017674843,0.016292779,0.24928534,0.1
4chan,0.003420753,0.020524515,0,0.145299145,0.25019984,0.844891,0.90451443,0.07399795,0.5739157,0.3895355,0.6407567,0.5145575,0
4chan,0,0,0,0.096774194,0.426065163,0.70864636,0.5680319,0.8403191,0.35299334,0.40603778,0.61260825,0.6051471,0
4chan,0.005718056,0.01979327,0.000490497,0.19205298,0.335499693,0.349583,0.063029334,0.1714862,0.62905574,0.542788,0.36798462,0.55739564,0.5
4chan,0,0,0,0,0.2,0.00932346,0.0573046,0.020264024,0.01121521,0.2854733,0.015905641,0.08193458,0
4chan,0.009578544,0.005747126,0,0.227848101,0.318791946,0.8364697,0.17964768,0.5130308,0.5739874,0.46028158,0.6370159,0.50703704,0.325
4chan,0.006122449,0.022689076,0.001854349,0.329972502,0.201786918,0.44690517,0.48569724,0.5643384,0.34926313,0.3536391,0.75058323,0.6407703,0.36
4chan,0.018181818,0,0,0.076923077,0.184,0.23226346,0.45348886,0.5188411,0.046218675,0.5516017,0.6027529,0.4302003,0
4chan,0.002360718,0.010859301,0.000278862,0.176079734,0.301728946,0.049128212,0.36702603,0.8089582,0.5344867,0.71120167,0.6376559,0.9061063,0.066666667
4chan,0,0,0,0.307692308,0.253333333,0.3942025,0.66405153,0.2846865,0.35166132,0.03235042,0.6027529,0.47020787,0
4chan,0.004295533,0.015832106,0.001774698,0.206470029,0.24600693,0.5502601,0.7092837,0.64953387,0.34913966,0.460081,0.6149945,0.78855824,0.8
4chan,0,0,0,0.5,0.4,0.19149859,0.37052566,0.54024357,0.6020386,0.11163961,0.032695748,0.5680319,0
4chan,0,0.00617284,0,0.210526316,0.374603175,0.13313138,0.759977,0.5145575,0.6407567,0.5108175,0.85173553,0.6526225,0
4chan,0.095238095,0,0,0,0.653846154,0.12220735,0.023076924,0.3057765,0.13815513,0.15698463,0.36126927,0.13163337,0.266666667
4chan,0,0,0.009708738,0.25,0.213592233,0.50789946,0.16960317,0.3406697,0.46460027,0.7256783,0.05753354,0.2028587,0
4chan,0.002484472,0.016149068,0,0.153846154,0.298346513,0.40351558,0.36230123,0.13815513,0.683095,0.16960317,0.31740165,0.47886392,-0.425
4chan,0,0,0.045454545,0,0.454545455,0.20483992,0.2540519,0.0350029,0.018126737,0.030278467,0.031980325,0.022581974,0
4chan,0,0.004739336,0,0.147058824,0.288753799,0.2823795,0.7954675,0.16960317,0.37846634,0.06205949,0.47886392,0.41081807,0
4chan,0,0,0,0.090909091,0.309090909,0.024801146,0.2396185,0.024062606,0.13572341,0.15985115,0.06319981,0.014705247,0.15
reddit,0,0.015625,0,0.25,0.154411765,0.39536914,0.015602129,0.101760045,0.38406035,0.56269526,0.06929302,0.64657205,0.2
reddit,0,0,0,0,0.333333333,0.008709883,0.010136358,0.021314176,0.14815703,0.001792908,0.005364689,0.017299367,0.375
reddit,0,0,0,0.428571429,0.2,0.010654188,0.1654338,0.06442356,0.10221587,0.006446838,0.1883923,0.20851022,0
reddit,0,0,0,0.333333333,0.28125,0.104795754,0.02613456,0.056582913,0.06395709,0.05396794,0.022899706,0.004615784,0.2
reddit,0.007878788,0.007878788,0.00137855,0.406887755,0.168872346,0.18079062,0.007247925,0.10221587,0.3962905,0.025616571,0.11477985,0.06494803,0.4
reddit,0.016393443,0,0,0.714285714,0.147058824,0.014276917,0.14539099,0.03339528,0.011469335,0.055026773,0.011974656,0.003261566,-0.3125
reddit,0.004737091,0.005210801,0.001736865,0.252293578,0.264003474,0.10783285,0.029536203,0.02439919,0.07047026,0.004711151,0.028832749,0.014393489,0
reddit,0,0,0,0,0.105263158,0.5130944,0.013579931,0.85333383,0.35368225,0.08252834,0.844891,0.44025385,0.3
reddit,0,0,0,0,0.444444444,0.040409464,0.010162249,0.006918599,0.003662109,0.26300645,0.058490243,0.017012933,0.6
reddit,0.007432331,0.006377743,0.000591296,0.345425868,0.379020814,0.029163294,0.31467977,0.11161,0.015958117,0.007858276,0.084844165,0.022335978,0
reddit,0.011829492,0.012890067,0.004071247,0.38161411,0.188422392,0.5559701,0.34237885,0.21596274,0.050216515,0.019055385,0.47338623,0.64080805,0
reddit,0.005797101,0.004347826,0.001277139,0.189873418,0.243933589,0.18085393,0.022992345,0.033645786,0.007145886,0.16861114,0.005264282,0.23739935,0.25
reddit,0,0.003921569,0,0.272727273,0.230483271,0.001487732,0.004458242,0.032391842,0.13314,0.008401625,0.019758832,0.014960921,0.333333333
reddit,0.008347245,0.005843072,0.001529052,0.275590551,0.157492355,0.018364733,0.036105253,0.35327068,0.10240069,0.00793457,0.046764325,0.15269235,0.2
reddit,0.0078125,0,0,0.1875,0.218309859,0.01666154,0.04491858,0.020782012,0.059727192,0.019707058,0.017807651,0.004882813,-0.055555556
reddit,0.005116959,0.010233918,0.002027027,0.310126582,0.272297297,0.42568782,0.03590374,0.022163315,0.060220852,0.47435758,0.49839586,0.19734058,-0.2625
reddit,0,0.013245033,0,0.105263158,0.266666667,0.020954676,0.1110661,0.010681152,0.05027775,0.17371799,0.24783088,0.018369852,0
reddit,0.0078125,0.0078125,0,0.285714286,0.259398496,0.026960457,0.11150667,0.009545447,0.4484659,0.008125305,0.07191269,0.014220826,-0.2
reddit,0.004149378,0,0.003496503,0.285714286,0.416083916,0.061444655,0.004700463,0.07047026,0.016556932,0.013424582,0.006103516,0.016460562,0.15
reddit,0,0.018518519,0,0.5,0.413793103,0.01834645,0.015728042,0.05057623,0.007430693,0.003181816,0.00817788,0.001173019,0.5
reddit,0,0.005865103,0,0.263157895,0.226415094,0.104895316,0.05378982,0.04792466,0.019918699,0.016784932,0.01555616,0.004615784,0.401111111
reddit,0.00619195,0.003095975,0.005633803,0.42,-0.03943662,0.07611542,0.01565665,0.017156094,0.005187988,0.06381883,0.2917316,0.021868404,0.416666667
reddit,0.019230769,0,0,0.285714286,0.261261261,0.032005094,0.3001809,0.09551262,0.045901958,0.15158679,0.009498596,0.031917825,0.26
reddit,0,0,0,0.153846154,0.018867925,0.001945496,0.023721304,0.010438894,0.06473623,0.010136358,0.030034892,0.008657498,0.05
reddit,0.095238095,0.047619048,0,1,0.04,0.01309891,0.0964746,0.005660672,0.023379711,0.039462693,0.002260208,0.00915248,0.48
reddit,0.002040816,0.004081633,0.00174216,0.193548387,0.24738676,0.15556364,0.056240413,0.3302291,0.051126,0.023076924,0.5680319,0.36902615,0.225
reddit,0.009329941,0.011026293,0.001594896,0.151724138,0.215311005,0.16960317,0.594065,0.25007802,0.47119883,0.2836219,0.027011903,0.5249258,0
reddit,0.018987342,0.037974684,0,0.176470588,0.156976744,0.6827122,0.13377325,0.59166485,0.4339631,0.53875744,0.34969926,0.519528,0.266666667
reddit,0,0,0,0.368421053,0.015463918,0.010188141,0.025360947,0.03734144,0.005660672,0.027615376,0.014884921,0.002250671,-0.325
reddit,0,0,0,0.4,0.268656716,0.20067264,0.4125297,0.4374442,0.36602396,0.44690517,0.4417481,0.54325575,0.875
reddit,0.016949153,0,0,0.142857143,0.217391304,0.032894265,0.018710058,0.007547563,0.28328338,0.014884921,0.055768944,0.003013611,0.092063492
reddit,0.03125,0,0,0.333333333,0.240384615,0.18047287,0.02795705,0.040183347,0.003385304,0.002012253,0.007547205,0.015492925,0
reddit,0.016129032,0,0,0.333333333,0.070422535,0.100091726,0.00806388,0.001268387,0.007611934,0.01859777,0.019758832,0.003718285,0.225
reddit,0,0,0,0,0.142857143,0.008250522,0.025770858,0.00246048,0.010602405,0.036634352,0.20285498,0.011996903,-0.4
reddit,0,0.022727273,0,0.166666667,0.098039216,0.010136358,0.020168742,0.006844604,0.16479741,0.001935959,0.031449065,0.009906891,0
reddit,0,0.008368201,0.003717472,0.277777778,0.304832714,0.003471375,0.018838953,0.04792466,0.018168874,0.069754265,0.006284692,0.039947584,0
reddit,0.003119584,0.006932409,0.000957243,0.18245614,0.246011487,0.26638454,0.08170113,0.2763787,0.09270445,0.056563694,0.36771375,0.019740647,-0.075
reddit,0.008797654,0.005865103,0.010638298,0.391304348,0.114361702,0.72718894,0.24603334,0.15283443,0.11280017,0.012958534,0.010070801,0.08410009,-0.154166667
reddit,0.005474453,0.009124088,0,0.202898551,0.170648464,0.038220957,0.01896597,0.16809943,0.26607355,0.053399716,0.3047732,0.17758663,0.6
reddit,0,0,0,0.444444444,0.151260504,0.010681152,0.016058605,0.051391184,0.029163294,0.4465737,0.15269235,0.0741757,0
reddit,0,0.111111111,0,0,0.153846154,0.1338057,0.07320584,0.32886755,0.021997316,0.18459146,0.010655383,0.008964539,0.25
reddit,0.004733728,0.020710059,0.000565291,0.617977528,0.205200678,0.068465814,0.35333878,0.5680319,0.5365423,0.19761463,0.56269526,0.13802026,0
reddit,0,0,0,0,0.333333333,0.009463178,0.021868404,0.09481675,0.005290694,0.27391365,0.02344803,0.002403259,0.136363636
reddit,0.013452915,0.004484305,0.003921569,0.266666667,0.129411765,0.47435758,0.42291236,0.120924085,0.46186632,0.14916596,0.061089642,0.33998606,0.197551407
reddit,0,0,0,0.333333333,0.422222222,0.24008916,0.017504321,0.009592636,0.00971689,0.001478195,0.024731753,0.005253696,-0.1
reddit,0.003184713,0.012738854,0,0.142857143,0.172510519,0.4560646,0.005950928,0.06345607,0.039151907,0.1182615,0.013043936,0.017328756,0
reddit,0.002136752,0,0,0.14,0.233521657,0.007400513,0.09394901,0.070942834,0.13099809,0.019877186,0.019573374,0.02193286,0.35
reddit,0.016793893,0.007633588,0.004070556,0.135802469,0.120759837,0.09033044,0.004425049,0.017063495,0.02567133,0.012854968,0.16172537,0.075468846,0.15
reddit,0.007619048,0.005714286,0,0.446428571,0.137221269,0.017292,0.044167064,0.005722046,0.052970182,0.017156094,0.010655383,0.055768944,0.1
reddit,0,0.023364486,0,0.12,0.298245614,0.62895155,0.19155724,0.08582769,0.25727063,0.07399795,0.033011556,0.013478675,0
reddit,0,0,0,0,0.5,0.029446771,0.022374803,0.020783609,0.008899884,0.00294133,0.00295639,0.009385503,0.1125
reddit,0,0,0,0,0.071428571,0.12481092,0.028031485,0.002663846,0.00105381,0.012961143,0.007521313,0.015112923,-0.4
reddit,0,0.033898305,0,0.4,0.378787879,0.24928534,0.034042787,0.038593806,0.3645195,0.122295745,0.64080805,0.5885171,0.2
reddit,0.016,0.032,0.007481297,0.125,0.109725686,0.023076924,0.13245803,0.22622968,0.36095104,0.04435511,0.023371955,0.64090633,0.05047619
reddit,0,0,0.015625,0.181818182,0.1796875,0.33628762,0.011301477,0.27005023,0.15766735,0.04852104,0.014249804,0.008087158,0
reddit,0,0,0,0.333333333,0.016129032,0.027410502,0.061220877,0.007288578,0.002260208,0.049089402,0.013579931,0.01617693,0.089583333
reddit,0,0,0,0,0.538461538,0.070942834,0.04032305,0.15324512,0.372607,0.007325576,0.007689608,0.003986359,0
reddit,0,0.003891051,0,0.65625,0.024911032,0.19124292,0.15283443,0.016810767,0.023193322,0.010147095,0.04969218,0.67873925,0.066666667
reddit,0,0.011673152,0.003389831,0.3,0.2,0.008621216,0.023796257,0.08840031,0.14950264,0.032468732,0.62994033,0.015429466,0.05
reddit,0.008982036,0.011976048,0,0.333333333,0.230136986,0.041661996,0.002670288,0.013424582,0.09481675,0.47155598,0.029383656,0.029660052,0
reddit,0.004514673,0.013544018,0,0.24137931,0.119341564,0.20219094,0.012440704,0.01083374,0.43938285,0.16450337,0.01666154,0.04910661,0.1875
reddit,0,0.027272727,0,0.071428571,0.171171171,0.053330876,0.4370465,0.053854458,0.6342749,0.7092837,0.25404143,0.35368225,0
reddit,0.002663116,0.009320905,0,0.177083333,0.169212691,0.70864636,0.49151286,0.7252971,0.1064171,0.5976312,0.036149003,0.35368225,0.082142857
reddit,0.004975124,0.020895522,0.000896057,0.146341463,0.050179211,0.015947454,0.5464198,0.027841117,0.003376007,0.006030651,0.0969861,0.035900343,0.218055556
reddit,0.004029009,0.009401021,0.003413802,0.208502024,0.195074372,0.08749158,0.07903719,0.19770569,0.064969026,0.02258113,0.27750343,0.4806669,0
reddit,0,0,0,0.5,0.216216216,0.008712323,0.10739898,0.003223419,0.04693319,0.589799,0.02982438,0.02932342,0
reddit,0,0.010050251,0,0.230769231,0.055309735,0.01052473,0.17658894,0.011987305,0.005493164,0.15048122,0.14930901,0.046178754,0
reddit,0.00669383,0.006402794,0.001825531,0.257692308,0.176554962,0.4394736,0.026007013,0.36095104,0.16758773,0.40670946,0.020257099,0.010680079,-0.1
reddit,0.007462687,0,0,0.1875,0.127388535,0.02051482,0.047173142,0.003490448,0.054037213,0.022143858,0.008694496,0.010576514,0.3
reddit,0.018867925,0,0.003194888,0.142857143,0.159744409,0.12424466,0.009689331,0.12639372,0.061276767,0.026609946,0.03235042,0.18269104,0
reddit,0,0,0,0.25,0.148325359,0.010070801,0.16158698,0.07976855,0.033680726,0.030623792,0.09868695,0.028886627,0
reddit,0.010288066,0.00617284,0,0.408450704,0.063670412,0.07523532,0.09659086,0.013801457,0.25462922,0.025961896,0.1413768,0.466036,0.158035714
reddit,0.001297017,0.007782101,0.001173709,0.295918367,0.169014085,0.012803185,0.061130337,0.18852992,0.2854971,0.27207452,0.012435913,0.5680319,1
reddit,0,0.016666667,0,0.071428571,0.11627907,0.45895407,0.09776353,0.7510937,0.44007185,0.4596616,0.6750904,0.17459276,0.141666667
reddit,0,0,0,0,0.476190476,0.048480038,0.07974297,0.09481675,0.016120117,0.005302429,0.020708188,0.057443913,0.03
reddit,0.007352941,0,0,0.176470588,0.304878049,0.012233571,0.010223389,0.04104949,0.07514556,0.030691283,0.024511116,0.12867521,-0.085714286
reddit,0.002762685,0.023482825,0.001285898,0.461604096,0.20445778,0.034672357,0.009918213,0.016058605,0.036839653,0.6287132,0.10240069,0.15932569,0
reddit,0,0,0.017391304,0.1,0.217391304,0.24341469,0.007896423,0.03489272,0.012130005,0.13388206,0.014752249,0.19439235,-0.028125
reddit,0.007575758,0.022727273,0.006896552,0.538461538,0.193103448,0.18233459,0.053007595,0.01302678,0.663914,0.025605056,0.06757036,0.22311419,0.066666667
reddit,0.005076142,0,0,0.2,0.198598131,0.006561279,0.06302499,0.014048163,0.31518266,0.10301965,0.031464707,0.15324512,0.118181818
reddit,0.017667845,0.010600707,0,0.363636364,0.192429022,0.43571407,0.15485314,0.04666401,0.031314444,0.46716887,0.46460027,0.036620867,0.15
reddit,0.02293578,0.013761468,0.008298755,0.434782609,0.174273859,0.3625127,0.4044591,0.023076924,0.3605366,0.028016793,0.021300001,0.14512913,0.7
reddit,0,0,0,0,0.2578125,0.046218675,0.024511116,0.112540044,0.14962557,0.00831604,0.08678388,0.023997234,0.266666667
reddit,0,0,0,0.25,0.303030303,0.03304107,0.03827355,0.010910034,0.052116185,0.026609946,0.15822013,0.10982819,-0.5
reddit,0.007151442,0.011658654,0.003166457,0.249151721,0.146475951,0.5670649,0.38413823,0.5130944,0.4850187,0.023076924,0.013269233,0.11976352,0
reddit,0.003797468,0.007594937,0.005945303,0.356321839,0.258026159,0.34626248,0.5432177,0.14916596,0.08004672,0.45703048,0.025789235,0.39670458,0.25
reddit,0.003307019,0.02293578,0.000671451,0.300050942,0.304670779,0.45895407,0.6750904,0.74954444,0.13163337,0.63850003,0.20178549,0.39743927,0.092272727
reddit,0,0.010845987,0.00407332,0.288461538,0.107942974,0.272623,0.040430736,0.004809721,0.001916885,0.008272167,0.026863953,0.016632931,-0.4
reddit,0,0.011857708,0,0.357142857,0.163120567,0.036104713,0.15324512,0.1744718,0.14578357,0.043955702,0.011520386,0.032753747,0
reddit,0,0,0,0.5,0.522727273,0.103494145,0.010137413,0.006217957,0.073529124,0.017936565,0.3191358,0.049128212,-0.083333333
reddit,0.005586592,0.011173184,0,0.19047619,0.421319797,0.082581155,0.015757138,0.33584452,0.006294251,0.034341812,0.11419344,0.01238892,0.146590909
reddit,0.006024096,0.006024096,0.001785714,0.232142857,0.257142857,0.030969119,0.084844165,0.13388206,0.007362366,0.033239998,0.3546668,0.027011903,0
reddit,0,0.007194245,0,0.352941176,0.167785235,0.16480011,0.023076924,0.57192373,0.038911607,0.32557452,0.08087392,0.3496935,0
reddit,0.007722008,0.019305019,0,0.277777778,0.145390071,0.3780483,0.61610144,0.57236236,0.62136006,0.23225488,0.0347677,0.46173862,-0.18125
reddit,0.00390625,0.009765625,0,0.203389831,0.225806452,0.09518933,0.17198499,0.022590388,0.06267534,0.007781982,0.011612174,0.541338,-0.132727273
reddit,0,0,0,0.2,0.152,0.34757367,0.042662576,0.039456755,0.02383376,0.26280963,0.185996,0.0808917,0.066666667
reddit,0.006369427,0,0,0.631578947,0.126436782,0.005989075,0.20916378,0.011327368,0.042783666,0.029273475,0.010581387,0.11202335,0.125
reddit,0.010122164,0.011867365,0.000662691,0.479591837,0.18323393,0.28547668,0.25549942,0.049761772,0.02077355,0.089778624,0.41298917,0.043955702,0
reddit,0,0,0,0,0.466666667,0.020578653,0.024378212,0.006511623,0.015331904,0.008893564,0.001659393,0.009678889,0
reddit,0.00877193,0,0.008,0.266666667,0.176,0.06476828,0.023544617,0.013736901,0.18728738,0.21781154,0.4655244,0.30716252,0
reddit,0.00591716,0.008453085,0.002183406,0.11,0.27147016,0.06582214,0.004863739,0.009566744,0.5927728,0.08613731,0.16678599,0.025806036,0.05
tumblr,0,0.00625,0.00462963,0.346153846,0.157407407,0.13448004,0.45895407,0.6750904,0.7510937,0.6511346,0.47787863,0.28034934,0.25
tumblr,0.004016064,0.004016064,0,0.375,0.196428571,0.06294931,0.4269174,0.024678862,0.1995721,0.46460027,0.018192071,0.32211447,0
tumblr,0.012295082,0.008196721,0.010471204,0.409090909,0.188481675,0.45077345,0.44802538,0.72028047,0.49510205,0.13815513,0.61633086,0.3817989,-0.075
tumblr,0,0,0.001672241,0.280701754,0.058528428,0.009040833,0.089693464,0.05612817,0.17785932,0.14950264,0.012337137,0.043250903,0.4
tumblr,0.064102564,0.012820513,0,0.285714286,0.2,0.26325142,0.52272606,0.09776353,0.39409557,0.16960317,0.35170138,0.4378843,0.3
tumblr,0.028571429,0,0,0,0.259259259,0.026960457,0.032643758,0.07600108,0.003681183,0.013321015,0.018269362,0.10566349,-0.714285714
tumblr,0,0,0,0,0.3625,0.023076924,0.13969865,0.17769934,0.035458352,0.14578357,0.33504707,0.12881903,-0.1
tumblr,0.004329004,0.012987013,0.005405405,0.25,0.210810811,0.30148876,0.09659086,0.27763805,0.44049168,0.50503236,0.16960317,0.4662011,0.066666667
tumblr,0,0.014066496,0,0.375,-0.0625,0.029415153,0.42567953,0.5365423,0.6744087,0.571025,0.23223943,0.089145996,0.26
tumblr,0,0,0,0.076923077,0.326732673,0.46460027,0.07399795,0.60152835,0.42616853,0.2733782,0.10757765,0.37733194,0
tumblr,0.00143472,0.011477762,0,0,0.228395062,0.7654259,0.50703704,0.5145894,0.13815513,0.48915586,0.85333383,0.4473795,0.5
tumblr,0,0.038461538,0,0.259259259,0.143369176,0.16846494,0.17381613,0.49871626,0.4014846,0.16960317,0.36230123,0.17016006,0
tumblr,0.00952381,0.00952381,0,0.388888889,-0.009009009,0.43914968,0.34977677,0.40975618,0.60311776,0.1115629,0.13163337,0.47435758,0
tumblr,0.015037594,0,0,0.034482759,0.236526946,0.6242122,0.100830056,0.498715,0.3388922,0.6342749,0.10221587,0.35022295,0.6
tumblr,0,0,0,0.333333333,0.033333333,0.011617327,0.32889614,0.108590275,0.007629395,0.033680726,0.17458448,0.01508414,-0.175
tumblr,0.005291005,0.005291005,0.004464286,0,0.598214286,0.35368225,0.5013569,0.55644274,0.3825363,0.17964768,0.6308517,0.4596616,0.07
tumblr,0.003378378,0.010135135,0,0.181818182,0.322916667,0.16883044,0.36867723,0.057037655,0.023076924,0.114945546,0.22562476,0.13313138,0
tumblr,0.010273973,0.006849315,0.004329004,0.0625,0.285714286,0.22653213,0.096491486,0.03321367,0.13815513,0.050443888,0.06582214,0.33836752,-0.2
tumblr,0,0.012820513,0,0.117647059,0.326086957,0.34189755,0.40243408,0.4774257,0.60254884,0.6001929,0.5239961,0.06626215,0
tumblr,0,0,0,0.272727273,0.259259259,0.16960317,0.4269174,0.27171627,0.33317488,0.06939816,0.37619758,0.38718754,0
tumblr,0.027777778,0,0,0.25,0.391304348,0.10045706,0.03136692,0.030175667,0.0336831,0.004329681,0.012492486,0.054938845,0.236111111
tumblr,0.021276596,0.021276596,0,0.2,0.257142857,0.04067813,0.003181816,0.008867673,0.047173142,0.003166199,0.14978373,0.012604907,0
tumblr,0.014563107,0.019417476,0,0,0.452991453,0.06340405,0.1554785,0.016964722,0.17142577,0.25462922,0.07872037,0.13549154,0
tumblr,0.018181818,0.014545455,0,0.25,0.565217391,0.023608726,0.069969244,0.03128085,0.008430481,0.029144434,0.027861187,0.08874765,0.5
tumblr,0.014492754,0,0,0.666666667,0.105263158,0.38445538,0.46460027,0.3486032,0.50789946,0.33512744,0.2172668,0.16960317,0.640625
tumblr,0.012295082,0.012295082,0,0.555555556,0.325396825,0.26293078,0.048480038,0.023076924,0.25329342,0.06984934,0.06626215,0.18663849,0.135714286
tumblr,0.002415459,0.009661836,0,0.150684932,0.094313454,0.27412915,0.019095084,0.03718498,0.2808415,0.19032755,0.0808917,0.43181974,0.183333333
tumblr,0.007874016,0.015748031,0,0.333333333,0.412698413,0.008544922,0.023221988,0.031314444,0.08637348,0.030949092,0.013178145,0.06646215,0.128571429
tumblr,0.006578947,0.006578947,0,0.625,0.555294118,0.04693319,0.023458159,0.020436687,0.08484049,0.43272525,0.44038907,0.3666224,0.2
tumblr,0,0,0.014084507,0.4,0.478873239,0.15982662,0.024819711,0.094697006,0.08430494,0.10221587,0.21348765,0.3625127,0.2625
tumblr,0.054545455,0.018181818,0,0.333333333,0.27027027,0.023076924,0.23090743,0.13127698,0.061626412,0.035470292,0.20592089,0.053399716,-0.2125
tumblr,0,0,0.016949153,0.333333333,0.508474576,0.14429577,0.02721288,0.03407705,0.30350232,0.00831604,0.09260304,0.028171662,0
tumblr,0.012048193,0,0,0.125,0.353846154,0.009799767,0.030115392,0.003013611,0.009101473,0.039657943,0.040925518,0.013896915,0.435416667
tumblr,0.017751479,0.00591716,0,0,0.699115044,0.001771646,0.019877186,0.22653213,0.015774792,0.03566399,0.14256015,0.023076924,0
tumblr,0.016393443,0.016393443,0.003508772,0,0.414035088,0.47119883,0.16960317,0.05171447,0.41503602,0.2795294,0.36798462,0.47907907,0
tumblr,0,0,0,0,0.346153846,0.076185785,0.024235269,0.15107171,0.018578632,0.023595277,0.25915736,0.025893297,0
tumblr,0.006097561,0,0,0.137931034,0.079365079,0.01857083,0.006752014,0.17111848,0.64995056,0.076502606,0.0130621,0.059447967,0
tumblr,0,0,0,0.4,0.465116279,0.09855611,0.26614267,0.36043653,0.43686947,0.023076924,0.15945168,0.13815513,-0.4
tumblr,0.005802708,0.023210832,0,0.24137931,0.103846154,0.014898917,0.026207991,0.13432594,0.21118106,0.01940071,0.062150877,0.2396185,0
tumblr,0.016806723,0,0.003861004,0.047619048,0.501930502,0.62717754,0.6279977,0.11047905,0.019228047,0.54823303,0.16960317,0.3393024,0
tumblr,0,0,0,0.3,0.313333333,0.075531214,0.16822512,0.04048799,0.06319981,0.021806452,0.25462922,0.061445013,0
tumblr,0.027027027,0,0,0.285714286,0.419847328,0.072789766,0.32211447,0.45706853,0.20663172,0.4269174,0.063675895,0.11280017,0
tumblr,0,0,0,0,0.488372093,0.47384647,0.65961236,0.74954444,0.30993477,0.13815513,0.45895407,0.17070955,0
tumblr,0,0.011904762,0,0.25,0.376923077,0.54325575,0.541926,0.35677677,0.2941582,0.025098583,0.1762085,0.12208464,0.2
tumblr,0.020833333,0,0,0,0.675675676,0.12286829,0.060119797,0.055673428,0.011279183,0.19694418,0.01754573,0.04383647,0.5
tumblr,0.001782531,0.001782531,0,0.041666667,0.400900901,0.26537052,0.019274252,0.007171631,0.045593183,0.08613731,0.026652548,0.15324512,0.6
tumblr,0,0.014492754,0.016949153,0.083333333,0.118644068,0.11512129,0.40189892,0.05025077,0.048158366,0.4014846,0.36230123,0.7079002,0
tumblr,0.009771987,0.009771987,0,0.5,0.656050955,0.04796442,0.16678599,0.034341812,0.050098058,0.014769804,0.003967458,0.11725569,0.3
tumblr,0,0.010752688,0,0.407407407,0.382180539,0.05565647,0.026479885,0.26555094,0.06424874,0.25462922,0.053854458,0.020386212,0
tumblr,0,0,0,0.068965517,0.147169811,0.003700256,0.16245349,0.096482486,0.2961347,0.008250522,0.007314181,0.083112895,0.6
tumblr,0,0,0,0.076923077,0.182926829,0.019419061,0.005364689,0.008789998,0.029050145,0.06421452,0.05403434,0.002803803,0
tumblr,0,0.03125,0,0.19047619,0.404761905,0.5365423,0.23223428,0.17226285,0.5885171,0.37740344,0.05397744,0.42367843,0.7
tumblr,0.00591716,0.00591716,0.00754717,0.148148148,0.105660377,0.11354194,0.2191003,0.03636306,0.009411395,0.3595071,0.007667542,0.077136256,-0.3
tumblr,0,0.047619048,0.031746032,0,0.349206349,0.023076924,0.16929962,0.27236435,0.10221587,0.1413768,0.09623027,0.06953252,-0.5
tumblr,0,0,0.001293661,0.175,0.184993532,0.045901958,0.014220826,0.015157142,0.3047732,0.16890354,0.2813443,0.43738824,0
tumblr,0,0,0.005988024,0.214285714,0.407185629,0.032799274,0.18744208,0.16869035,0.027688526,0.017674843,0.03622231,0.03919895,0
tumblr,0.027777778,0,0,0,0.283987915,0.0818789,0.023076924,0.19893537,0.29405528,0.04822223,0.043309137,0.54302067,0
tumblr,0,0,0.01369863,0.444444444,0.164383562,0.013091337,0.03894114,0.13262562,0.082372494,0.2854699,0.09880609,0.13344458,0
tumblr,0,0,0.024096386,0.333333333,0.192771084,0.020321451,0.44793463,0.06946823,0.004425049,0.012641981,0.103494145,0.018537397,0
tumblr,0.007614213,0.015228426,0,0.166666667,0.280701754,0.026831545,0.001745224,0.008220384,0.084085084,0.020988565,0.07845957,0.003903274,0.446428571
tumblr,0.019607843,0.019607843,0.008,0.083333333,0.232,0.45190978,0.023371955,0.51980776,0.16960317,0.4339631,0.451314,0.28034934,0
tumblr,0.012048193,0.012048193,0,0.185185185,0.186131387,0.30975068,0.35368225,0.26957804,0.11002964,0.66405153,0.60152835,0.06476828,0.333333333
tumblr,0.024390244,0,0,0.636363636,-0.144736842,0.016577384,0.24561718,0.025605056,0.3389984,0.6288969,0.061412923,0.25549942,-0.1875
tumblr,0.014285714,0,0.001912046,0.109090909,0.131931166,0.030969119,0.18355975,0.27072498,0.35048676,0.3722269,0.023076924,0.040745795,0
tumblr,0,0.012345679,0,0.266666667,0.194285714,0.15517195,0.17473823,0.023371955,0.02167734,0.38231352,0.123407245,0.3302291,0.7
tumblr,0,0.006756757,0,0.333333333,0.06122449,0.030523606,0.42129645,0.48564076,0.46460027,0.024580594,0.058856625,0.24835461,0.266666667
tumblr,0.008130081,0.008130081,0,0,0.227777778,0.16480011,0.035458352,0.32919475,0.052944973,0.26583168,0.023076924,0.13401924,0.275
tumblr,0,0,0,0.166666667,0.177142857,0.004577637,0.08004235,0.066963166,0.022188433,0.013113883,0.5680319,0.025929155,0.333333333
tumblr,0.003184713,0.011146497,0.009433962,0.666666667,-0.037735849,0.35186127,0.36276,0.039714564,0.028897164,0.023076924,0.16751462,0.25184435,0.375
tumblr,0.028571429,0.04,0,0.0625,0.199300699,0.4767792,0.5381406,0.36798462,0.23223943,0.10221587,0.028206514,0.509388,0
tumblr,0.008097166,0.008097166,0.007092199,0.210526316,0.234042553,0.013995127,0.03373172,0.0818789,0.3926715,0.08170113,0.23090743,0.10735235,0.5
tumblr,0,0,0.004048583,0.272727273,0.251012146,0.008039144,0.15081525,0.121732734,0.01465176,0.029888187,0.003242493,0.06529768,0.136363636
tumblr,0.012096774,0.028225806,0.010752688,0.111111111,0.182795699,0.2493473,0.17805049,0.060752302,0.006828308,0.013043936,0.011612174,0.07611542,0
tumblr,0,0,0,0.2,0.082152975,0.008621216,0.109318495,0.0138755,0.039444692,0.1780996,0.16098402,0.07320584,0.4
tumblr,0.000911577,0.00911577,0.004975124,0.117647059,0.298507463,0.17891699,0.04177703,0.019055385,0.10920923,0.4520581,0.0623257,0.011749268,-0.19047619
tumblr,0,0,0.009708738,0.166666667,0.194174757,0.4389601,0.34237885,0.3361876,0.6308517,0.6242122,0.09659086,0.19862294,0
tumblr,0,0,0,0.2,0.681818182,0.007917541,0.003700256,0.013934915,0.005229922,0.032627538,0.03339528,0.010110466,0
tumblr,0,0,0,0,0.206185567,0.78855824,0.5678696,0.23694818,0.05171447,0.65034485,0.44787344,0.70864636,0
tumblr,0.005167959,0.023255814,0,0.142857143,0.236363636,0.01555616,0.023544617,0.19401662,0.28548008,0.4080111,0.039737478,0.015609037,-0.291666667
tumblr,0.038461538,0.038461538,0,0,0.175824176,0.10277161,0.04332388,0.06984934,0.27412915,0.022839356,0.07093142,0.17055123,0
tumblr,0,0.011363636,0,0.3,0.190909091,0.16960317,0.32479182,0.09245483,0.55353785,0.4269174,0.16883044,0.14802226,0.4
tumblr,0.004755728,0.018590575,0.003278689,0.159090909,0.098360656,0.55228406,0.01735206,0.25462922,0.047190998,0.16775991,0.06593887,0.081508696,0.5
tumblr,0.003703704,0.003703704,0.003546099,0.178571429,0.163120567,0.68353343,0.60311776,0.04796442,0.4417872,0.023544617,0.3493834,0.23223771,0.416666667
tumblr,0,0.032786885,0.032786885,0.25,0.426229508,0.45549932,0.34032786,0.2737414,0.4033339,0.11769595,0.10221587,0.23226519,0.35
tumblr,0.012295082,0.008196721,0,0.243243243,0.171532847,0.28312725,0.023889944,0.043839492,0.01412424,0.4789106,0.097093195,0.17613389,0
tumblr,0.023529412,0.023529412,0,0.5,0.216494845,0.1329628,0.20680901,0.35368225,0.5381406,0.55331475,0.36365277,0.6027529,0
tumblr,0,0.029411765,0,0.4,0.152542373,0.0347677,0.62136006,0.232236,0.70864636,0.5811595,0.40975618,0.13163337,0.6
tumblr,0.007925072,0.020893372,0,0,0.396226415,0.005912781,0.04686524,0.023866551,0.04592061,0.13214645,0.007806548,0.41294464,0
tumblr,0,0,0.002136752,0.120689655,0.192307692,0.72028047,0.1348172,0.55667037,0.35299334,0.6242122,0.45895407,0.56997263,0
tumblr,0,0.045454545,0.002245509,0.176848875,0.109655689,0.35677677,0.2772088,0.29209393,0.46982017,0.16960317,0.44942492,0.5680319,0.508333333
tumblr,0.023489933,0,0.001059322,0.160493827,0.158898305,0.001726151,0.021945024,0.077668175,0.45510474,0.006692784,0.003699786,0.030595649,0.6
tumblr,0,0,0.015463918,0.307692308,0.128865979,0.70864636,0.36798462,0.5424244,0.7570315,0.44787344,0.2836219,0.10221587,0.333333333
tumblr,0.03125,0,0,0.333333333,0.34375,0.004177094,0.013165667,0.08953904,0.013847848,0.022448512,0.02417491,0.043415543,0
tumblr,0.028571429,0,0.000656599,0.153374233,0.212081418,0.45895407,0.68668073,0.64944786,0.6321197,0.5689151,0.14485972,0.8115627,-0.4
tumblr,0.006263048,0.012526096,0,0,0.195652174,0.024124376,0.25346643,0.11078331,0.019055385,0.06796519,0.014048826,0.005187988,0.65
tumblr,0.064102564,0.012820513,0.001890359,0.345454545,0.207939509,0.017264472,0.17805049,0.085497424,0.08290444,0.008659363,0.4360029,0.04910661,0
tumblr,0,0,0,0.2,0.151351351,0.43965456,0.020609349,0.094936445,0.4249138,0.14126498,0.19967617,0.4840093,0.25
tumblr,0,0,0,0.285714286,0.290456432,0.20056234,0.19115616,0.06774519,0.014566151,0.11601777,0.012574885,0.055673428,0.144642857
tumblr,0.029069767,0.023255814,0,0.727272727,0.056603774,0.024382202,0.013244915,0.00541687,0.07191269,0.014179505,0.10870059,0.013269233,0.5
tumblr,0.004484305,0,0,0.333333333,0.352459016,0.004415012,0.098377466,0.034672357,0.1373533,0.007705689,0.011793415,0.021987455,0.233333333
tumblr,0.004694836,0,0,0.188405797,0.117449664,0.20974046,0.01302678,0.010137413,0.1996317,0.02803385,0.046764325,0.1719469,0.3
twitch,0.002515579,0.009404748,0.00214425,0.18452381,0.677777778,0.050098058,0.16897665,0.3778887,0.33453682,0.12282934,0.02821777,0.32074678,-0.3
twitch,0.002914776,0.009232884,0.000819336,0.196428571,0.754608767,0.012233571,0.39409557,0.37751234,0.16960317,0.43800586,0.27969417,0.034042787,-0.068181818
twitch,0.001462499,0.004653404,0.001072194,0.149837134,0.587919943,0.5013569,0.10221587,0.50789946,0.35368225,0.22120713,0.40975618,0.30079383,0
twitch,0.000859956,0.003580076,0.00219367,0.289617486,0.68097775,0.3666224,0.051808115,0.25602314,0.012751401,0.36520118,0.41194582,0.16960317,0
twitch,0.002664738,0.008622331,0.002227623,0.158653846,0.416160389,0.15414265,0.013702838,0.35346076,0.30854854,0.27725142,0.021786476,0.05832097,0
twitch,0.002816098,0.007877945,0.002830456,0.199170124,0.475233513,0.4033339,0.012751401,0.039456755,0.2469859,0.101760045,0.3625127,0.12648876,0
twitch,0.001179461,0.004872295,0.000817528,0.198795181,0.381294964,0.7466957,0.07425626,0.45401973,0.13262562,0.42280844,0.7252971,0.57787937,0
twitch,0.001374184,0.003240921,0.002253637,0.108433735,0.480434337,0.5150164,0.15654257,0.031314444,0.48021027,0.40420914,0.3525603,0.10221587,0
twitch,0.00415589,0.010190773,0.00202864,0.19047619,0.35548926,0.07253568,0.09518933,0.024198212,0.19870108,0.06794841,0.012359619,0.016465442,-0.3
twitch,0.004558227,0.009886565,0.002230386,0.211428571,0.353450538,0.26395,0.5680319,0.43720075,0.09385906,0.047835086,0.051353373,0.4596479,0
twitch,0.001949903,0.005624719,0.001433349,0.112941176,0.306020067,0.13815513,0.37960073,0.35368225,0.44069788,0.055218685,0.5150164,0.50789946,0
twitch,0.002130109,0.007292266,0.002446483,0.189309577,0.38470948,0.19864748,0.23225316,0.46460027,0.24928534,0.4269174,0.025616571,0.039714564,-0.3
twitch,0.004073546,0.008725848,0.002097635,0.242990654,0.411708619,0.109756745,0.010433395,0.03665562,0.104876526,0.011291504,0.010317599,0.12867521,0
twitch,0.005679422,0.00930638,0.001422925,0.182724252,0.348774704,0.023076924,0.08856395,0.461014,0.23857519,0.36095104,0.16795322,0.11163961,0.136363636
twitch,0.003820247,0.006708281,0.00083717,0.140625,0.576810381,0.10440776,0.028730227,0.057037655,0.18999471,0.31825066,0.2337357,0.077831104,0.136363636
twitch,0.003636087,0.004992836,0.001025851,0.124444444,0.655724251,0.31402156,0.02250864,0.25647953,0.5434156,0.055630904,0.37340668,0.24928534,0.136363636
twitch,0.004020016,0.010153806,0.002537356,0.211409396,0.468564984,0.030278467,0.35161978,0.21290472,0.47900817,0.4989438,0.4203246,0.109318495,-0.3
twitch,0.003610397,0.01279614,0.003376097,0.19650655,0.317803286,0.041283876,0.019977676,0.14150882,0.31686464,0.012699619,0.33453682,0.120767444,0.136363636
twitch,0.001412859,0.00502833,0.001049318,0.195652174,0.527806925,0.19100772,0.34981552,0.2836219,0.08638606,0.36230123,0.3388922,0.39021665,0
twitch,0.001073093,0.003456943,0.006491027,0.24137931,0.586483391,0.27881694,0.15443328,0.17858955,0.36230123,0.012803185,0.033784978,0.32020867,-0.3
twitch,0.003255917,0.004204584,0.000837989,0.16969697,0.660335196,0.08749158,0.018707745,0.07359949,0.18649188,0.012906751,0.06617179,0.096482486,0
twitch,0.005432856,0.007526855,0.000902799,0.244094488,0.480890761,0.019095084,0.062150877,0.21374844,0.05559385,0.02439919,0.1654338,0.3785931,0.1
twitch,0.004119182,0.009558614,0.003484321,0.205479452,0.497212544,0.1883923,0.010507392,0.008582866,0.22723788,0.020644438,0.061101943,0.44446626,0
twitch,0.003894482,0.010379161,0.001606168,0.184738956,0.521040797,0.057856824,0.47886392,0.5365423,0.43991807,0.058401883,0.34966052,0.3682569,0
twitch,0.002417681,0.011282509,0.000412626,0.041666667,0.924695688,0.33954415,0.028379176,0.1798321,0.12019568,0.034042787,0.3389984,0.11098113,0
twitch,0.002518544,0.004726583,0.00066291,0.119402985,0.64037123,0.5711371,0.43158367,0.0475118,0.07094744,0.35368225,0.5716857,0.26505783,-0.3
twitch,0.005355928,0.006025419,0.002060035,0.200892857,0.46527369,0.23235008,0.26288074,0.014249804,0.023076924,0.0813853,0.010421164,0.21024476,-0.3
twitch,0.006949748,0.006911563,0.003261313,0.233471074,0.316551162,0.06424874,0.17803068,0.023076924,0.023796257,0.067232,0.081314825,0.24282593,-0.3
twitch,0.003503225,0.009988682,0.0012906,0.195555556,0.337061734,0.3122265,0.0475607,0.07673789,0.530392,0.26957804,0.02613456,0.36095104,0
twitch,0.003623707,0.007104372,0.000897827,0.202486679,0.372418747,0.21271606,0.023076924,0.11172232,0.05688698,0.2854903,0.06294931,0.22562476,0
twitch,0.00067668,0.003012317,0,0.214285714,0.894751381,0.21781154,0.29019964,0.01935331,0.008657498,0.06529768,0.19124292,0.007857903,0
twitch,0.000504146,0.002428089,0.000163399,0.426229508,0.725326797,0.009256045,0.023997234,0.040387187,0.29771072,0.010703712,0.12702756,0.33258784,0
twitch,0.004057105,0.009184711,0.002325131,0.175675676,0.355938772,0.5038556,0.3286776,0.023645958,0.03919895,0.06238277,0.24341469,0.0836065,-0.3
twitch,0.004118993,0.006621854,0.003294036,0.176678445,0.288834951,0.44787344,0.43796626,0.6321197,0.50789946,0.13815513,0.40243408,0.06749674,0.136363636
twitch,0.00362485,0.006433033,0.003377036,0.294736842,0.622169249,0.23226346,0.43959987,0.10221587,0.13498579,0.46460027,0.51869136,0.36709076,0
twitch,0.004817046,0.008117863,0.001026483,0.198879552,0.492301375,0.04048799,0.03321367,0.16795322,0.4576661,0.08703069,0.26631543,0.3245134,0.170454545
twitch,0.005794523,0.009232767,0.001253133,0.248908297,0.560846561,0.39409557,0.03235042,0.08332442,0.3493103,0.056582913,0.4269174,0.17858955,0.5
twitch,0.006908804,0.008685353,0.001073537,0.221388368,0.354983002,0.34682226,0.06635579,0.3302291,0.0233943,0.024725812,0.014566151,0.113185234,0
twitch,0.005762265,0.006914718,0.002733641,0.239520958,0.452417564,0.6919765,0.5779532,0.44787344,0.078392304,0.053007595,0.47384647,0.2757494,0
twitch,0.004166293,0.006249439,0.001484624,0.178666667,0.452173913,0.36230123,0.39915034,0.057492398,0.28997475,0.1366716,0.50265145,0.16960317,0
twitch,0.003517614,0.008621351,0.003857868,0.188118812,0.369949239,0.4274071,0.13343357,0.023889944,0.06249457,0.16960317,0.39409557,0.40420914,0
twitch,0.002451165,0.006071348,0.000666519,0.172151899,0.383692513,0.16960317,0.039456755,0.4242778,0.021472665,0.39809266,0.39915034,0.26957804,0
twitch,0.003675312,0.012846092,0.001860465,0.224168126,0.362976744,0.05832097,0.011120236,0.36230123,0.020279141,0.22770336,0.4252626,0.32712606,0.136363636
twitch,0.004825883,0.012874367,0.002295492,0.168085106,0.405676127,0.029144434,0.41168427,0.4503094,0.16809943,0.58072567,0.27908814,0.027688526,0
twitch,0.003597588,0.006949886,0.001851423,0.222972973,0.759546401,0.43758753,0.044870727,0.47622904,0.31334782,0.25998658,0.035113025,0.6242122,0
twitch,0.004222602,0.006396959,0.002877106,0.170212766,0.487053021,0.4014846,0.033386398,0.24928534,0.17926651,0.41771483,0.044870727,0.4894185,0.213068182
twitch,0.005126154,0.008518897,0.002142551,0.232061069,0.325524925,0.08004672,0.0824309,0.5282392,0.16960317,0.34548226,0.52139956,0.5013569,0
twitch,0.005271568,0.007963967,0.00268714,0.21319797,0.469097889,0.5680319,0.3047732,0.024753258,0.083112895,0.023106033,0.026609946,0.27882218,-0.3
twitch,0.003641383,0.007199467,0.001978892,0.143192488,0.332673703,0.06771457,0.023076924,0.26957804,0.030278467,0.078392304,0.40060925,0.29984993,0
twitch,0.00374686,0.006064281,0.002020202,0.271573604,0.392676768,0.44185185,0.25372013,0.3532795,0.36230123,0.34101152,0.17769934,0.4269174,0.266335227
twitch,0.003315142,0.008084698,0.001541624,0.060606061,0.855858171,0.37854016,0.16960317,0.10221587,0.3389984,0.013702838,0.24835461,0.27018222,0.136363636
twitch,0.003500878,0.009542105,0.003008424,0.186335404,0.648315283,0.04666401,0.63038296,0.33954415,0.039714564,0.23704576,0.3389984,0.026997874,0.332919034
twitch,0.001488007,0.004672341,0.000401123,0.042553191,0.569193742,0.40687543,0.044870727,0.19455661,0.3388922,0.4014846,0.40929472,0.09009721,0
twitch,0.002365424,0.007004552,0.002011263,0.091954023,0.529364441,0.36834276,0.34927294,0.4269174,0.5365423,0.08252834,0.27763805,0.010291707,0
twitch,0.004801595,0.008321408,0.001839276,0.206557377,0.731748727,0.16851899,0.22542313,0.023076924,0.0638991,0.007145886,0.45335147,0.005105704,0
twitch,0.005001457,0.008461112,0.002488388,0.220720721,0.715826145,0.57488567,0.018771807,0.35368225,0.019228047,0.3388922,0.38738516,0.42129645,0
twitch,0.001782363,0.003750262,0.000294551,0.25753012,0.650810015,0.08484049,0.45526892,0.2854869,0.36230123,0.011922873,0.016460562,0.029626917,-0.625
twitch,0.002350568,0.005887242,0.002944424,0.459770115,0.706477733,0.019073274,0.08859174,0.028897164,0.33453682,0.32712606,0.023105027,0.15840563,0
twitch,0.002905088,0.003785303,0,0.5,0.937703212,0.13697,0.35091487,0.010938995,0.017287504,0.020178653,0.060927123,0.15711457,-0.3
twitch,0.003576273,0.006905907,0.000622084,0.050632911,0.87496112,0.070482984,0.25483096,0.022710243,0.17566866,0.012803185,0.019676208,0.21776234,0
twitch,0.002266788,0.002858752,0.000768935,0.125874126,0.541714725,0.36095104,0.012181788,0.035631903,0.33954415,0.060675595,0.24928534,0.05742428,0
twitch,0.003200633,0.004009782,0.000169722,0.191489362,0.710624576,0.63782936,0.34804323,0.104676254,0.4393578,0.570067,0.36798462,0.349738,0
twitch,0.001887324,0.007533635,0.003337784,0.204761905,0.522696929,0.034558404,0.29855028,0.62717754,0.009903334,0.4269174,0.3494667,0.37416196,0
twitch,0.002059169,0.008326204,0.002361833,0.227405248,0.425602267,0.39498812,0.13815513,0.10293542,0.3525603,0.47199696,0.4794537,0.49139655,0
twitch,0.00664999,0.007318096,0.006414368,0.18459069,0.370237332,0.34757367,0.32479182,0.023199292,0.12556632,0.15840563,0.08332442,0.3839093,0
twitch,0.005758571,0.006356003,0.005905248,0.178187404,0.382498993,0.38198352,0.13549154,0.15938593,0.023076924,0.061101943,0.033011556,0.25462922,0
twitch,0.003043583,0.009471065,0.000802568,0.166666667,0.462279294,0.26957804,0.5722072,0.41975242,0.013476364,0.34989303,0.4398409,0.02721288,0.136363636
twitch,0.003251176,0.010708748,0.000596659,0.174778761,0.375696102,0.4339631,0.049451493,0.35368225,0.6672561,0.10221587,0.5972042,0.4390262,0
twitch,0.003055339,0.00589244,0.009932171,0.268802228,0.308139535,0.4421347,0.40243408,0.5339268,0.23224114,0.10221587,0.36230123,0.34804323,0
twitch,0.004264243,0.007707095,0.005825243,0.268456376,0.366990291,0.29279903,0.02430326,0.2855005,0.15294777,0.019877186,0.016465442,0.083359696,0
twitch,0.003048513,0.007961225,0.002792776,0.119760479,0.363060883,0.025806036,0.11823979,0.19314334,0.01573815,0.03588435,0.048158366,0.16217725,0
twitch,0.003621044,0.00828662,0.001811959,0.192118227,0.436279444,0.28249276,0.09563028,0.27975297,0.4224583,0.05976611,0.023270357,0.02682521,0
twitch,0.00390625,0.010696554,0.002875021,0.2496,0.317774395,0.059311368,0.16960317,0.3666224,0.24424846,0.37653163,0.044602267,0.45071998,-0.3
twitch,0.00491682,0.010478077,0.003740446,0.233082707,0.312245894,0.43822095,0.100830056,0.3389984,0.05473421,0.14875233,0.30690086,0.22303216,-0.3
twitch,0.003514725,0.0094534,0.001902045,0.185750636,0.393009986,0.19455661,0.26578432,0.045895394,0.38811707,0.41194582,0.052490227,0.31740165,0
twitch,0.003774094,0.007548187,0.001249688,0.201704545,0.417645589,0.03787563,0.15443328,0.05806598,0.10221587,0.25404143,0.34682226,0.4014846,0
twitch,0.004164258,0.006395555,0.001173021,0.121848739,0.537243402,0.09912638,0.010395273,0.4934575,0.37202835,0.022992345,0.16831873,0.32397532,0
twitch,0.003773259,0.006739051,0.002582311,0.152046784,0.67236927,0.35677677,0.47772613,0.030969119,0.3680142,0.59166485,0.089973204,0.35368225,0
twitch,0.001832288,0.006198288,0.001391466,0.13125,0.526205937,0.104393706,0.39409557,0.33338684,0.011586283,0.020178653,0.18480228,0.14626455,0.416148793
twitch,0.001859156,0.006102407,0.00107498,0.129151292,0.472722386,0.45895407,0.40420914,0.23391083,0.70864636,0.042985857,0.38348934,0.5885171,0
twitch,0.002804484,0.00527329,0.000129408,0.185636856,0.859268845,0.4177835,0.36752504,0.37073207,0.021990653,0.09385906,0.05612817,0.26196828,0
twitch,0.000758766,0.002154648,0.000203156,0.32034632,0.907496445,0.13448004,0.037394293,0.050989322,0.024725812,0.3722269,0.2801717,0.16773392,0.8
twitch,0.004837276,0.008993408,0.002146947,0.215827338,0.53148855,0.15517195,0.45895407,0.6289369,0.061736204,0.3556175,0.64657205,0.5678696,0
twitch,0.004500767,0.010843771,0.001831023,0.12145749,0.595082396,0.36230123,0.016292779,0.31452727,0.30527395,0.15343215,0.08332442,0.04951127,0
twitch,0.005142688,0.00705675,0.001559715,0.183962264,0.593805704,0.011765319,0.015820874,0.059061307,0.01187109,0.015350811,0.11663672,0.19219314,0
twitch,0.004528691,0.00611146,0.000410509,0.134020619,0.741584565,0.43818706,0.4838166,0.031314444,0.10221587,0.44475567,0.40243408,0.34927294,0
twitch,0.003090885,0.005804394,0.000305998,0.15625,0.434822521,0.66456485,0.54823303,0.45510182,0.4125297,0.060675595,0.35036966,0.05947323,0
twitch,0.003654504,0.007715065,0,0.195555556,0.496322354,0.196476,0.038425524,0.2854971,0.023076924,0.089431636,0.08089764,0.10294484,0
twitch,0.003825531,0.006187744,0.001429933,0.251612903,0.442802669,0.012233571,0.01565665,0.14331897,0.4390097,0.295883,0.06011435,0.3424554,0.170454545
twitch,0.003399526,0.006510531,0.001806503,0.171270718,0.41589723,0.009566744,0.025002124,0.058535013,0.30716252,0.14512913,0.33453682,0.16960317,0.136363636
twitch,0.002979535,0.004426737,0.001434309,0.203703704,0.73178428,0.24493282,0.04435511,0.30125737,0.012699619,0.39441586,0.20984669,0.41194582,0
twitch,0.00245566,0.005558207,0.001532735,0.151898734,0.76549157,0.10224592,0.023974609,0.28425202,0.012906751,0.14512913,0.02439919,0.29209393,-0.3
twitch,0.002658895,0.004910572,0.001086957,0.277227723,0.492028986,0.36230123,0.16861114,0.057327885,0.04822223,0.16960317,0.37751234,0.042662576,0
twitch,0.004998365,0.016550141,0.000402091,0.337777778,0.531162043,0.35368225,0.41503602,0.44002727,0.33998606,0.16067244,0.06749674,0.33554953,-0.081818182
twitch,0.00489553,0.005960924,0.001667361,0.176870748,0.657357232,0.20590107,0.23239216,0.4269174,0.23226003,0.37653163,0.085497424,0.24928534,0
twitch,0.002921468,0.007025435,0.002389486,0.219047619,0.572281959,0.21074013,0.52891463,0.6308517,0.058401883,0.79449326,0.4339631,0.054624002,0
twitch,0.006218152,0.007370209,0.002885408,0.17254902,0.47842814,0.21602537,0.026207991,0.36095104,0.02181799,0.053837523,0.3290656,0.09303935,0
twitch,0.004521669,0.006421619,0.001540041,0.233595801,0.508042437,0.16897665,0.038220957,0.32020867,0.3283819,0.031420294,0.34705645,0.023595277,0
twitch,0.004359964,0.010241209,0.003474903,0.2043222,0.305019305,0.030623792,0.4075532,0.3977292,0.36752504,0.27558193,0.04693319,0.16960317,0
twitch,0.004358983,0.009385875,0.003433149,0.169197397,0.399580393,0.029144434,0.36230123,0.32045653,0.2838064,0.16960317,0.11769595,0.36095104,0
twitch,0.004677581,0.006882726,0.002919235,0.157407407,0.448264677,0.36095104,0.19967617,0.15179962,0.04614221,0.04686524,0.35346076,0.036620867,0
twitch,0.003610257,0.006346235,0.000924214,0.190184049,0.530961183,0.04718852,0.35204858,0.16960317,0.044612918,0.3416952,0.38413823,0.3811502,0
twitch,0.000801572,0.001730861,0.007841739,0.074441687,0.729816432,0.041727096,0.02444411,0.28312725,0.2963245,0.012492486,0.0838533,0.012340514,0
twitch,0.000287785,0.001764661,0.002282584,0.384545455,0.779160009,0.16960317,0.16839184,0.261958,0.39498812,0.010188141,0.0233943,0.3389984,-0.05
